Source,Target,Weight,Type
"Aegon-I-Targaryen","Daenerys-Targaryen",4.0,undirected
"Aegon-Targaryen-(son-of-Rhaegar)","Daenerys-Targaryen",11.0,undirected
"Aegon-Targaryen-(son-of-Rhaegar)","Elia-Martell",4.0,undirected
"Aegon-Targaryen-(son-of-Rhaegar)","Franklyn-Flowers",3.0,undirected
"Aegon-Targaryen-(son-of-Rhaegar)","Haldon",14.0,undirected
"Aegon-Targaryen-(son-of-Rhaegar)","Harry-Strickland",9.0,undirected
"Aegon-Targaryen-(son-of-Rhaegar)","Jon-Connington",16.0,undirected
"Aegon-Targaryen-(son-of-Rhaegar)","Lemore",10.0,undirected
"Aegon-Targaryen-(son-of-Rhaegar)","Rhaegar-Targaryen",9.0,undirected
"Aegon-Targaryen-(son-of-Rhaegar)","Rhaenys-Targaryen-(daughter-of-Rhaegar)",4.0,undirected
"Aegon-Targaryen-(son-of-Rhaegar)","Rolly-Duckfield",11.0,undirected
"Aegon-Targaryen-(son-of-Rhaegar)","Tyrion-Lannister",23.0,undirected
"Aegon-Targaryen-(son-of-Rhaegar)","Tywin-Lannister",3.0,undirected
"Aegon-Targaryen-(son-of-Rhaegar)","Viserys-Targaryen",3.0,undirected
"Aegon-Targaryen-(son-of-Rhaegar)","Yandry",6.0,undirected
"Aegon-Targaryen-(son-of-Rhaegar)","Ysilla",4.0,undirected
"Aemon-Targaryen-(Maester-Aemon)","Clydas",7.0,undirected
"Aemon-Targaryen-(Maester-Aemon)","Gilly",3.0,undirected
"Aemon-Targaryen-(Maester-Aemon)","Jon-Snow",12.0,undirected
"Aemon-Targaryen-(Maester-Aemon)","Samwell-Tarly",16.0,undirected
"Aemon-Targaryen-(Maester-Aemon)","Stannis-Baratheon",3.0,undirected
"Aenys-Frey","Hosteen-Frey",6.0,undirected
"Aenys-Frey","Theon-Greyjoy",3.0,undirected
"Aenys-Frey","Wyman-Manderly",4.0,undirected
"Aeron-Greyjoy","Euron-Greyjoy",4.0,undirected
"Aeron-Greyjoy","Victarion-Greyjoy",3.0,undirected
"Aerys-II-Targaryen","Rhaegar-Targaryen",5.0,undirected
"Aerys-II-Targaryen","Robert-Baratheon",5.0,undirected
"Aerys-II-Targaryen","Tywin-Lannister",6.0,undirected
"Aggo","Barristan-Selmy",3.0,undirected
"Aggo","Daario-Naharis",4.0,undirected
"Aggo","Daenerys-Targaryen",9.0,undirected
"Aggo","Grey-Worm",5.0,undirected
"Aggo","Jhogo",6.0,undirected
"Aggo","Rakharo",9.0,undirected
"Alliser-Thorne","Jon-Snow",6.0,undirected
"Alys-Karstark","Jon-Snow",13.0,undirected
"Alys-Karstark","Melisandre",6.0,undirected
"Alys-Karstark","Sigorn",5.0,undirected
"Alysane-Mormont","Asha-Greyjoy",18.0,undirected
"Alysane-Mormont","Justin-Massey",5.0,undirected
"Alysane-Mormont","Stannis-Baratheon",5.0,undirected
"Archibald-Yronwood","Cletus-Yronwood",5.0,undirected
"Archibald-Yronwood","Gerris-Drinkwater",13.0,undirected
"Archibald-Yronwood","Quentyn-Martell",21.0,undirected
"Archibald-Yronwood","Tattered-Prince",4.0,undirected
"Areo-Hotah","Arianne-Martell",11.0,undirected
"Areo-Hotah","Arys-Oakheart",4.0,undirected
"Areo-Hotah","Balon-Swann",4.0,undirected
"Areo-Hotah","Doran-Martell",12.0,undirected
"Areo-Hotah","Ellaria-Sand",3.0,undirected
"Areo-Hotah","Obara-Sand",6.0,undirected
"Arianne-Martell","Balon-Swann",5.0,undirected
"Arianne-Martell","Doran-Martell",11.0,undirected
"Arianne-Martell","Ellaria-Sand",3.0,undirected
"Arianne-Martell","Myrcella-Baratheon",4.0,undirected
"Arianne-Martell","Obara-Sand",5.0,undirected
"Arnolf-Karstark","Arthor-Karstark",3.0,undirected
"Arnolf-Karstark","Asha-Greyjoy",3.0,undirected
"Arnolf-Karstark","Mors-Umber",4.0,undirected
"Arnolf-Karstark","Rickard-Karstark",3.0,undirected
"Arnolf-Karstark","Stannis-Baratheon",7.0,undirected
"Arron","Emrick",6.0,undirected
"Arron","Hareth-(Moles-Town)",4.0,undirected
"Arron","Satin",4.0,undirected
"Arya-Stark","Bran-Stark",7.0,undirected
"Arya-Stark","Brusco",4.0,undirected
"Arya-Stark","Eddard-Stark",4.0,undirected
"Arya-Stark","Jeyne-Poole",4.0,undirected
"Arya-Stark","Jon-Snow",12.0,undirected
"Arya-Stark","Kindly-Man",4.0,undirected
"Arya-Stark","Mance-Rayder",3.0,undirected
"Arya-Stark","Melisandre",4.0,undirected
"Arya-Stark","Ramsay-Snow",5.0,undirected
"Arya-Stark","Sansa-Stark",4.0,undirected
"Arya-Stark","Theon-Greyjoy",7.0,undirected
"Arya-Stark","Waif",3.0,undirected
"Arys-Oakheart","Gerold-Dayne",3.0,undirected
"Asha-Greyjoy","Clayton-Suggs",4.0,undirected
"Asha-Greyjoy","Euron-Greyjoy",4.0,undirected
"Asha-Greyjoy","Galbart-Glover",8.0,undirected
"Asha-Greyjoy","Godry-Farring",3.0,undirected
"Asha-Greyjoy","Grimtongue",3.0,undirected
"Asha-Greyjoy","Hagen",3.0,undirected
"Asha-Greyjoy","Justin-Massey",15.0,undirected
"Asha-Greyjoy","Qarl-the-Maid",8.0,undirected
"Asha-Greyjoy","Robert-Baratheon",4.0,undirected
"Asha-Greyjoy","Rolfe-the-Dwarf",3.0,undirected
"Asha-Greyjoy","Stannis-Baratheon",16.0,undirected
"Asha-Greyjoy","Sybelle-Glover",3.0,undirected
"Asha-Greyjoy","Theon-Greyjoy",7.0,undirected
"Asha-Greyjoy","Torgon-Greyiron",3.0,undirected
"Asha-Greyjoy","Tristifer-Botley",12.0,undirected
"Asha-Greyjoy","Tycho-Nestoris",3.0,undirected
"Ashara-Dayne","Elia-Martell",3.0,undirected
"Axell-Florent","Jon-Snow",4.0,undirected
"Axell-Florent","Melisandre",5.0,undirected
"Axell-Florent","Selyse-Florent",8.0,undirected
"Axell-Florent","Shireen-Baratheon",3.0,undirected
"Axell-Florent","Stannis-Baratheon",3.0,undirected
"Azor-Ahai","Stannis-Baratheon",3.0,undirected
"Balon-Greyjoy","Euron-Greyjoy",3.0,undirected
"Balon-Greyjoy","Theon-Greyjoy",3.0,undirected
"Balon-Swann","Doran-Martell",11.0,undirected
"Balon-Swann","Gerold-Dayne",3.0,undirected
"Balon-Swann","Myrcella-Baratheon",4.0,undirected
"Balon-Swann","Tyrion-Lannister",3.0,undirected
"Barbrey-Dustin","Jeyne-Poole",5.0,undirected
"Barbrey-Dustin","Ramsay-Snow",5.0,undirected
"Barbrey-Dustin","Roger-Ryswell",4.0,undirected
"Barbrey-Dustin","Roose-Bolton",3.0,undirected
"Barbrey-Dustin","Stannis-Baratheon",3.0,undirected
"Barbrey-Dustin","Theon-Greyjoy",17.0,undirected
"Barristan-Selmy","Belwas",9.0,undirected
"Barristan-Selmy","Ben-Plumm",4.0,undirected
"Barristan-Selmy","Bloodbeard",3.0,undirected
"Barristan-Selmy","Daario-Naharis",18.0,undirected
"Barristan-Selmy","Daenerys-Targaryen",75.0,undirected
"Barristan-Selmy","Galazza-Galare",5.0,undirected
"Barristan-Selmy","Gerris-Drinkwater",4.0,undirected
"Barristan-Selmy","Grazhar",3.0,undirected
"Barristan-Selmy","Grey-Worm",6.0,undirected
"Barristan-Selmy","Groleo",8.0,undirected
"Barristan-Selmy","Hizdahr-zo-Loraq",42.0,undirected
"Barristan-Selmy","Jhogo",3.0,undirected
"Barristan-Selmy","Khrazz",8.0,undirected
"Barristan-Selmy","Larraq",3.0,undirected
"Barristan-Selmy","Missandei",8.0,undirected
"Barristan-Selmy","Quentyn-Martell",22.0,undirected
"Barristan-Selmy","Reznak-mo-Reznak",7.0,undirected
"Barristan-Selmy","Rhaegar-Targaryen",3.0,undirected
"Barristan-Selmy","Skahaz-mo-Kandaq",21.0,undirected
"Barristan-Selmy","Steelskin",3.0,undirected
"Barristan-Selmy","Tyrion-Lannister",3.0,undirected
"Barristan-Selmy","Varys",3.0,undirected
"Barristan-Selmy","Widower",3.0,undirected
"Barristan-Selmy","Xaro-Xhoan-Daxos",3.0,undirected
"Barsena","Daenerys-Targaryen",4.0,undirected
"Bartimus","Davos-Seaworth",4.0,undirected
"Belaquo","Goghor-the-Giant",7.0,undirected
"Belaquo","Hizdahr-zo-Loraq",3.0,undirected
"Belaquo","Irri",3.0,undirected
"Belaquo","Spotted-Cat",5.0,undirected
"Belwas","Daenerys-Targaryen",13.0,undirected
"Belwas","Hizdahr-zo-Loraq",11.0,undirected
"Belwas","Quentyn-Martell",3.0,undirected
"Belwas","Skahaz-mo-Kandaq",3.0,undirected
"Ben-Bones","Ramsay-Snow",5.0,undirected
"Ben-Bones","Theon-Greyjoy",4.0,undirected
"Ben-Plumm","Daario-Naharis",9.0,undirected
"Ben-Plumm","Daenerys-Targaryen",14.0,undirected
"Ben-Plumm","Hizdahr-zo-Loraq",3.0,undirected
"Ben-Plumm","Kasporio",3.0,undirected
"Ben-Plumm","Penny",3.0,undirected
"Ben-Plumm","Tybero-Istarion",5.0,undirected
"Ben-Plumm","Tyrion-Lannister",4.0,undirected
"Benerro","Daenerys-Targaryen",3.0,undirected
"Benerro","Haldon",4.0,undirected
"Benerro","Moqorro",4.0,undirected
"Benerro","Tyrion-Lannister",7.0,undirected
"Benethon-Scales","Narbert-Grandison",3.0,undirected
"Benethon-Scales","Selyse-Florent",4.0,undirected
"Benjen-Stark","Jon-Snow",4.0,undirected
"Black-Balaq","Franklyn-Flowers",3.0,undirected
"Bloodbeard","Daenerys-Targaryen",3.0,undirected
"Bloodbeard","Hizdahr-zo-Loraq",5.0,undirected
"Bloodbeard","Tattered-Prince",3.0,undirected
"Boros-Blount","Meryn-Trant",3.0,undirected
"Boros-Blount","Tommen-Baratheon",4.0,undirected
"Bowen-Marsh","Cellador",8.0,undirected
"Bowen-Marsh","Eddison-Tollett",9.0,undirected
"Bowen-Marsh","Jon-Snow",45.0,undirected
"Bowen-Marsh","Mance-Rayder",5.0,undirected
"Bowen-Marsh","Othell-Yarwyck",19.0,undirected
"Bowen-Marsh","Satin",3.0,undirected
"Bowen-Marsh","Stannis-Baratheon",3.0,undirected
"Bowen-Marsh","Tormund",5.0,undirected
"Bowen-Marsh","Wick-Whittlestick",5.0,undirected
"Bran-Stark","Brynden-Rivers",14.0,undirected
"Bran-Stark","Coldhands",6.0,undirected
"Bran-Stark","Eddard-Stark",4.0,undirected
"Bran-Stark","Hodor",50.0,undirected
"Bran-Stark","Jojen-Reed",17.0,undirected
"Bran-Stark","Jon-Snow",4.0,undirected
"Bran-Stark","Leaf",5.0,undirected
"Bran-Stark","Meera-Reed",33.0,undirected
"Bran-Stark","Rickon-Stark",7.0,undirected
"Bran-Stark","Robb-Stark",6.0,undirected
"Bran-Stark","Theon-Greyjoy",8.0,undirected
"Brandon-Norrey","Jon-Snow",3.0,undirected
"Brandon-Norrey","Torghen-Flint",3.0,undirected
"Brea","Brusco",3.0,undirected
"Brienne-of-Tarth","Cersei-Lannister",3.0,undirected
"Brienne-of-Tarth","Jaime-Lannister",3.0,undirected
"Brus-Buckler","Malegorn",6.0,undirected
"Brus-Buckler","Narbert-Grandison",4.0,undirected
"Brus-Buckler","Selyse-Florent",5.0,undirected
"Brynden-Rivers","Meera-Reed",3.0,undirected
"Brynden-Tully","Jaime-Lannister",4.0,undirected
"Bump","Varamyr",5.0,undirected
"Caggo","Gerris-Drinkwater",3.0,undirected
"Caggo","Lucifer-Long",3.0,undirected
"Caggo","Meris",7.0,undirected
"Caggo","Quentyn-Martell",7.0,undirected
"Caggo","Tattered-Prince",4.0,undirected
"Caleotte","Doran-Martell",3.0,undirected
"Caleotte","Gregor-Clegane",4.0,undirected
"Camarron","Spotted-Cat",3.0,undirected
"Catelyn-Stark","Eddard-Stark",5.0,undirected
"Cellador","Clydas",3.0,undirected
"Cellador","Jon-Snow",3.0,undirected
"Cellador","Othell-Yarwyck",8.0,undirected
"Cersei-Lannister","Daenerys-Targaryen",3.0,undirected
"Cersei-Lannister","Doran-Martell",3.0,undirected
"Cersei-Lannister","Dunsen",3.0,undirected
"Cersei-Lannister","Gregor-Clegane",4.0,undirected
"Cersei-Lannister","High-Sparrow",11.0,undirected
"Cersei-Lannister","Ilyn-Payne",4.0,undirected
"Cersei-Lannister","Jaime-Lannister",13.0,undirected
"Cersei-Lannister","Joffrey-Baratheon",3.0,undirected
"Cersei-Lannister","Kevan-Lannister",10.0,undirected
"Cersei-Lannister","Lancel-Lannister",6.0,undirected
"Cersei-Lannister","Mace-Tyrell",3.0,undirected
"Cersei-Lannister","Margaery-Tyrell",6.0,undirected
"Cersei-Lannister","Meryn-Trant",3.0,undirected
"Cersei-Lannister","Moelle",4.0,undirected
"Cersei-Lannister","Myrcella-Baratheon",4.0,undirected
"Cersei-Lannister","Osney-Kettleblack",3.0,undirected
"Cersei-Lannister","Qyburn",3.0,undirected
"Cersei-Lannister","Rafford",3.0,undirected
"Cersei-Lannister","Rhaegar-Targaryen",3.0,undirected
"Cersei-Lannister","Robert-Baratheon",7.0,undirected
"Cersei-Lannister","Robert-Strong",4.0,undirected
"Cersei-Lannister","Scolera",5.0,undirected
"Cersei-Lannister","Stannis-Baratheon",5.0,undirected
"Cersei-Lannister","Tommen-Baratheon",13.0,undirected
"Cersei-Lannister","Tyrion-Lannister",5.0,undirected
"Cersei-Lannister","Tywin-Lannister",3.0,undirected
"Cersei-Lannister","Unella",10.0,undirected
"Clayton-Suggs","Godry-Farring",5.0,undirected
"Clayton-Suggs","Stannis-Baratheon",6.0,undirected
"Cleon","Daenerys-Targaryen",9.0,undirected
"Cleon","Quentyn-Martell",3.0,undirected
"Cletus-Yronwood","Daenerys-Targaryen",3.0,undirected
"Cletus-Yronwood","Gerris-Drinkwater",5.0,undirected
"Cletus-Yronwood","Kedry",3.0,undirected
"Cletus-Yronwood","Quentyn-Martell",7.0,undirected
"Clydas","Jon-Snow",20.0,undirected
"Clydas","Mully",4.0,undirected
"Clydas","Stannis-Baratheon",3.0,undirected
"Coldhands","Hodor",4.0,undirected
"Coldhands","Meera-Reed",3.0,undirected
"Corliss-Penny","Stannis-Baratheon",3.0,undirected
"Cotter-Pyke","Denys-Mallister",4.0,undirected
"Cotter-Pyke","Jon-Snow",11.0,undirected
"Cotter-Pyke","Selyse-Florent",3.0,undirected
"Cromm","Grimtongue",4.0,undirected
"Cromm","Hagen",4.0,undirected
"Daario-Naharis","Daenerys-Targaryen",50.0,undirected
"Daario-Naharis","Grey-Worm",6.0,undirected
"Daario-Naharis","Groleo",4.0,undirected
"Daario-Naharis","Hero",7.0,undirected
"Daario-Naharis","Hizdahr-zo-Loraq",14.0,undirected
"Daario-Naharis","Irri",7.0,undirected
"Daario-Naharis","Jhiqui",5.0,undirected
"Daario-Naharis","Jhogo",9.0,undirected
"Daario-Naharis","Missandei",4.0,undirected
"Daario-Naharis","Quentyn-Martell",5.0,undirected
"Daario-Naharis","Rakharo",4.0,undirected
"Daario-Naharis","Skahaz-mo-Kandaq",9.0,undirected
"Daenerys-Targaryen","Daeron-II-Targaryen",3.0,undirected
"Daenerys-Targaryen","Doran-Martell",3.0,undirected
"Daenerys-Targaryen","Drogo",7.0,undirected
"Daenerys-Targaryen","Eroeh",3.0,undirected
"Daenerys-Targaryen","Ezzara",3.0,undirected
"Daenerys-Targaryen","Galazza-Galare",19.0,undirected
"Daenerys-Targaryen","Gerris-Drinkwater",15.0,undirected
"Daenerys-Targaryen","Ghael",5.0,undirected
"Daenerys-Targaryen","Grey-Worm",11.0,undirected
"Daenerys-Targaryen","Groleo",4.0,undirected
"Daenerys-Targaryen","Hero",5.0,undirected
"Daenerys-Targaryen","Hizdahr-zo-Loraq",96.0,undirected
"Daenerys-Targaryen","Illyrio-Mopatis",11.0,undirected
"Daenerys-Targaryen","Irri",25.0,undirected
"Daenerys-Targaryen","Jhiqui",15.0,undirected
"Daenerys-Targaryen","Jhogo",6.0,undirected
"Daenerys-Targaryen","Jon-Connington",6.0,undirected
"Daenerys-Targaryen","Jorah-Mormont",4.0,undirected
"Daenerys-Targaryen","Lysono-Maar",3.0,undirected
"Daenerys-Targaryen","Mace-Tyrell",3.0,undirected
"Daenerys-Targaryen","Marselen",3.0,undirected
"Daenerys-Targaryen","Meris",6.0,undirected
"Daenerys-Targaryen","Mezzara",4.0,undirected
"Daenerys-Targaryen","Miklaz",3.0,undirected
"Daenerys-Targaryen","Missandei",37.0,undirected
"Daenerys-Targaryen","Moqorro",3.0,undirected
"Daenerys-Targaryen","Penny",4.0,undirected
"Daenerys-Targaryen","Qavo-Nogarys",5.0,undirected
"Daenerys-Targaryen","Qezza",6.0,undirected
"Daenerys-Targaryen","Quaithe",6.0,undirected
"Daenerys-Targaryen","Quentyn-Martell",58.0,undirected
"Daenerys-Targaryen","Rakharo",7.0,undirected
"Daenerys-Targaryen","Reznak-mo-Reznak",19.0,undirected
"Daenerys-Targaryen","Rhaegar-Targaryen",10.0,undirected
"Daenerys-Targaryen","Robert-Baratheon",3.0,undirected
"Daenerys-Targaryen","Skahaz-mo-Kandaq",33.0,undirected
"Daenerys-Targaryen","Spotted-Cat",3.0,undirected
"Daenerys-Targaryen","Symon-Stripeback",4.0,undirected
"Daenerys-Targaryen","Tattered-Prince",4.0,undirected
"Daenerys-Targaryen","Tyrion-Lannister",17.0,undirected
"Daenerys-Targaryen","Varys",3.0,undirected
"Daenerys-Targaryen","Victarion-Greyjoy",7.0,undirected
"Daenerys-Targaryen","Viserys-Targaryen",7.0,undirected
"Daenerys-Targaryen","Xaro-Xhoan-Daxos",16.0,undirected
"Daenerys-Targaryen","Yurkhaz-zo-Yunzak",4.0,undirected
"Dalla","Gilly",4.0,undirected
"Dalla","Mance-Rayder",5.0,undirected
"Dalla","Melisandre",3.0,undirected
"Dalla","Stannis-Baratheon",5.0,undirected
"Dalla","Val",5.0,undirected
"Damon-Dance-for-Me","Grunt",3.0,undirected
"Damon-Dance-for-Me","Ramsay-Snow",7.0,undirected
"Damon-Dance-for-Me","Skinner",7.0,undirected
"Damon-Dance-for-Me","Sour-Alyn",4.0,undirected
"Damon-Dance-for-Me","Theon-Greyjoy",5.0,undirected
"Davos-Seaworth","Eddard-Stark",4.0,undirected
"Davos-Seaworth","Garth-(Wolfs-Den)",4.0,undirected
"Davos-Seaworth","Godric-Borrell",9.0,undirected
"Davos-Seaworth","Leona-Woolfield",3.0,undirected
"Davos-Seaworth","Marlon-Manderly",5.0,undirected
"Davos-Seaworth","Melisandre",4.0,undirected
"Davos-Seaworth","Robb-Stark",3.0,undirected
"Davos-Seaworth","Robett-Glover",4.0,undirected
"Davos-Seaworth","Salladhor-Saan",11.0,undirected
"Davos-Seaworth","Stannis-Baratheon",21.0,undirected
"Davos-Seaworth","Sybell-Spicer",3.0,undirected
"Davos-Seaworth","Wyman-Manderly",32.0,undirected
"Denys-Mallister","Jon-Snow",4.0,undirected
"Denzo-Dhan","Meris",3.0,undirected
"Devan-Seaworth","Jon-Snow",5.0,undirected
"Devan-Seaworth","Melisandre",4.0,undirected
"Devan-Seaworth","Stannis-Baratheon",14.0,undirected
"Dick-Straw","Hugh-Hungerford",3.0,undirected
"Dick-Straw","Tattered-Prince",4.0,undirected
"Donal-Noye","Jon-Snow",7.0,undirected
"Donal-Noye","Qhorin-Halfhand",3.0,undirected
"Doran-Martell","Ellaria-Sand",3.0,undirected
"Doran-Martell","Gregor-Clegane",4.0,undirected
"Doran-Martell","Myrcella-Baratheon",5.0,undirected
"Doran-Martell","Nymeria-Sand",3.0,undirected
"Doran-Martell","Obara-Sand",4.0,undirected
"Doran-Martell","Oberyn-Martell",5.0,undirected
"Doran-Martell","Quentyn-Martell",4.0,undirected
"Doran-Martell","Robert-Baratheon",3.0,undirected
"Doran-Martell","Viserys-Targaryen",3.0,undirected
"Draqaz","Miklaz",3.0,undirected
"Drogo","Viserys-Targaryen",4.0,undirected
"Dryn","Tormund",3.0,undirected
"Dunsen","Gregor-Clegane",3.0,undirected
"Dunsen","Ilyn-Payne",3.0,undirected
"Dunsen","Meryn-Trant",3.0,undirected
"Dunsen","Rafford",3.0,undirected
"Eddard-Stark","Jon-Snow",10.0,undirected
"Eddard-Stark","Ramsay-Snow",4.0,undirected
"Eddard-Stark","Robb-Stark",6.0,undirected
"Eddard-Stark","Robert-Baratheon",7.0,undirected
"Eddard-Stark","Roose-Bolton",5.0,undirected
"Eddard-Stark","Sansa-Stark",3.0,undirected
"Eddard-Stark","Stannis-Baratheon",6.0,undirected
"Eddard-Stark","Theon-Greyjoy",9.0,undirected
"Eddard-Stark","Willam-Dustin",4.0,undirected
"Eddard-Stark","Wyman-Manderly",4.0,undirected
"Eddison-Tollett","Emmett",8.0,undirected
"Eddison-Tollett","Gilly",3.0,undirected
"Eddison-Tollett","Hobb",4.0,undirected
"Eddison-Tollett","Janos-Slynt",4.0,undirected
"Eddison-Tollett","Jon-Snow",25.0,undirected
"Eddison-Tollett","Mully",3.0,undirected
"Eddison-Tollett","Satin",3.0,undirected
"Elia-Martell","Rhaegar-Targaryen",6.0,undirected
"Emmett","Hareth-(Moles-Town)",3.0,undirected
"Emmett","Hop-Robin",4.0,undirected
"Emmett","Janos-Slynt",4.0,undirected
"Emmett","Jon-Snow",15.0,undirected
"Emrick","Hareth-(Moles-Town)",3.0,undirected
"Emrick","Satin",3.0,undirected
"Euron-Greyjoy","Victarion-Greyjoy",7.0,undirected
"Franklyn-Flowers","Jon-Connington",4.0,undirected
"Frenya","Holly",6.0,undirected
"Frenya","Theon-Greyjoy",3.0,undirected
"Fulk","Jon-Snow",4.0,undirected
"Fulk","Mully",5.0,undirected
"Galazza-Galare","Grazhar",4.0,undirected
"Galazza-Galare","Hizdahr-zo-Loraq",12.0,undirected
"Galazza-Galare","Reznak-mo-Reznak",5.0,undirected
"Galazza-Galare","Skahaz-mo-Kandaq",12.0,undirected
"Garth-(Wolfs-Den)","Sybell-Spicer",3.0,undirected
"Garth-Greyfeather","Hairy-Hal",4.0,undirected
"Garth-Greyfeather","Jack-Bulwer",4.0,undirected
"Garth-Greyfeather","Jon-Snow",3.0,undirected
"Gerold-Dayne","Myrcella-Baratheon",3.0,undirected
"Gerrick-Kingsblood","Jon-Snow",5.0,undirected
"Gerrick-Kingsblood","Raymun-Redbeard",3.0,undirected
"Gerris-Drinkwater","Hizdahr-zo-Loraq",4.0,undirected
"Gerris-Drinkwater","Meris",4.0,undirected
"Gerris-Drinkwater","Quentyn-Martell",49.0,undirected
"Gerris-Drinkwater","Tattered-Prince",3.0,undirected
"Gilly","Jon-Snow",10.0,undirected
"Gilly","Mance-Rayder",3.0,undirected
"Gilly","Melisandre",4.0,undirected
"Gilly","Samwell-Tarly",8.0,undirected
"Godry-Farring","Jon-Snow",3.0,undirected
"Godry-Farring","Justin-Massey",3.0,undirected
"Godry-Farring","Mance-Rayder",3.0,undirected
"Godry-Farring","Melisandre",3.0,undirected
"Godry-Farring","Stannis-Baratheon",9.0,undirected
"Goghor-the-Giant","Hizdahr-zo-Loraq",5.0,undirected
"Goghor-the-Giant","Khrazz",4.0,undirected
"Goghor-the-Giant","Spotted-Cat",6.0,undirected
"Grazhar","Qezza",5.0,undirected
"Gregor-Clegane","Ilyn-Payne",3.0,undirected
"Gregor-Clegane","Meryn-Trant",3.0,undirected
"Gregor-Clegane","Oberyn-Martell",3.0,undirected
"Gregor-Clegane","Rafford",3.0,undirected
"Grenn","Pypar",3.0,undirected
"Grenn","Todder",3.0,undirected
"Grey-Worm","Hizdahr-zo-Loraq",3.0,undirected
"Grey-Worm","Irri",4.0,undirected
"Grey-Worm","Skahaz-mo-Kandaq",6.0,undirected
"Grimtongue","Hagen",5.0,undirected
"Grimtongue","Lorren",5.0,undirected
"Groleo","Hero",4.0,undirected
"Groleo","Jhogo",5.0,undirected
"Groleo","Skahaz-mo-Kandaq",3.0,undirected
"Grunt","Sour-Alyn",7.0,undirected
"Grunt","Theon-Greyjoy",3.0,undirected
"Hagen","Lorren",3.0,undirected
"Hagen","Qarl-the-Maid",3.0,undirected
"Hagen","Tristifer-Botley",3.0,undirected
"Haggon","Varamyr",8.0,undirected
"Hairy-Hal","Jack-Bulwer",3.0,undirected
"Hairy-Hal","Jon-Snow",4.0,undirected
"Haldon","Illyrio-Mopatis",3.0,undirected
"Haldon","Jon-Connington",13.0,undirected
"Haldon","Lemore",4.0,undirected
"Haldon","Pono",3.0,undirected
"Haldon","Qavo-Nogarys",5.0,undirected
"Haldon","Rolly-Duckfield",26.0,undirected
"Haldon","Tyrion-Lannister",54.0,undirected
"Haldon","Yandry",4.0,undirected
"Haldon","Ysilla",5.0,undirected
"Hareth-(Moles-Town)","Hop-Robin",5.0,undirected
"Hareth-(Moles-Town)","Jon-Snow",10.0,undirected
"Hareth-(Moles-Town)","Leathers",3.0,undirected
"Hareth-(Moles-Town)","Rory",4.0,undirected
"Hareth-(Moles-Town)","Satin",6.0,undirected
"Harl","Lorren",3.0,undirected
"Harry-Strickland","Jon-Connington",18.0,undirected
"Harry-Strickland","Myles-Toyne",4.0,undirected
"Harwood-Stout","Theon-Greyjoy",5.0,undirected
"Harys-Swyft","Pycelle",4.0,undirected
"Hero","Jhogo",8.0,undirected
"High-Sparrow","Kevan-Lannister",5.0,undirected
"High-Sparrow","Unella",6.0,undirected
"Hizdahr-zo-Loraq","Irri",3.0,undirected
"Hizdahr-zo-Loraq","Jhiqui",3.0,undirected
"Hizdahr-zo-Loraq","Khrazz",9.0,undirected
"Hizdahr-zo-Loraq","Marghaz-zo-Loraq",5.0,undirected
"Hizdahr-zo-Loraq","Missandei",6.0,undirected
"Hizdahr-zo-Loraq","Qezza",3.0,undirected
"Hizdahr-zo-Loraq","Quentyn-Martell",15.0,undirected
"Hizdahr-zo-Loraq","Reznak-mo-Reznak",13.0,undirected
"Hizdahr-zo-Loraq","Skahaz-mo-Kandaq",29.0,undirected
"Hizdahr-zo-Loraq","Spotted-Cat",5.0,undirected
"Hizdahr-zo-Loraq","Steelskin",3.0,undirected
"Hobb","Jon-Snow",4.0,undirected
"Hobb","Melisandre",3.0,undirected
"Hobb","Mully",3.0,undirected
"Hobb","Owen",5.0,undirected
"Hodor","Jojen-Reed",11.0,undirected
"Hodor","Meera-Reed",21.0,undirected
"Holly","Jeyne-Poole",4.0,undirected
"Holly","Rowan",3.0,undirected
"Holly","Theon-Greyjoy",10.0,undirected
"Hop-Robin","Jon-Snow",4.0,undirected
"Hosteen-Frey","Wyman-Manderly",5.0,undirected
"Hoster-Blackwood","Jaime-Lannister",4.0,undirected
"Hother-Umber","Jon-Umber-(Greatjon)",3.0,undirected
"Hother-Umber","Mors-Umber",3.0,undirected
"Hother-Umber","Ramsay-Snow",5.0,undirected
"Hother-Umber","Wyman-Manderly",5.0,undirected
"Illyrio-Mopatis","Jon-Connington",6.0,undirected
"Illyrio-Mopatis","Rolly-Duckfield",6.0,undirected
"Illyrio-Mopatis","Tyrion-Lannister",26.0,undirected
"Ilyn-Payne","Meryn-Trant",3.0,undirected
"Ilyn-Payne","Rafford",3.0,undirected
"Irri","Jhiqui",24.0,undirected
"Irri","Missandei",9.0,undirected
"Irri","Rakharo",5.0,undirected
"Irri","Skahaz-mo-Kandaq",5.0,undirected
"Jack-Bulwer","Jon-Snow",3.0,undirected
"Jaime-Lannister","Jonos-Bracken",9.0,undirected
"Jaime-Lannister","Josmyn-Peckledon",3.0,undirected
"Jaime-Lannister","Kevan-Lannister",3.0,undirected
"Jaime-Lannister","Robert-Baratheon",4.0,undirected
"Jaime-Lannister","Tyrion-Lannister",4.0,undirected
"Jaime-Lannister","Tytos-Blackwood",6.0,undirected
"Janos-Slynt","Jon-Snow",16.0,undirected
"Jared-Frey","Rhaegar-Frey",3.0,undirected
"Jeor-Mormont","Jon-Snow",11.0,undirected
"Jeor-Mormont","Qhorin-Halfhand",3.0,undirected
"Jeyne-Poole","Ramsay-Snow",12.0,undirected
"Jeyne-Poole","Roose-Bolton",3.0,undirected
"Jeyne-Poole","Rowan",3.0,undirected
"Jeyne-Poole","Squirrel",3.0,undirected
"Jeyne-Poole","Theon-Greyjoy",24.0,undirected
"Jhiqui","Missandei",10.0,undirected
"Jhiqui","Rakharo",5.0,undirected
"Jhiqui","Skahaz-mo-Kandaq",3.0,undirected
"Jhogo","Rakharo",6.0,undirected
"Joffrey-Baratheon","Tommen-Baratheon",3.0,undirected
"Joffrey-Baratheon","Tyrion-Lannister",10.0,undirected
"Jojen-Reed","Meera-Reed",21.0,undirected
"Jon-Connington","Lemore",11.0,undirected
"Jon-Connington","Myles-Toyne",9.0,undirected
"Jon-Connington","Nyessos-Vhassar",3.0,undirected
"Jon-Connington","Rhaegar-Targaryen",7.0,undirected
"Jon-Connington","Robert-Baratheon",8.0,undirected
"Jon-Connington","Rolly-Duckfield",12.0,undirected
"Jon-Connington","Tyrion-Lannister",37.0,undirected
"Jon-Connington","Tywin-Lannister",4.0,undirected
"Jon-Connington","Varys",6.0,undirected
"Jon-Connington","Yandry",9.0,undirected
"Jon-Snow","Leathers",18.0,undirected
"Jon-Snow","Malegorn",5.0,undirected
"Jon-Snow","Mance-Rayder",25.0,undirected
"Jon-Snow","Melisandre",48.0,undirected
"Jon-Snow","Mully",14.0,undirected
"Jon-Snow","Narbert-Grandison",3.0,undirected
"Jon-Snow","Othell-Yarwyck",10.0,undirected
"Jon-Snow","Owen",3.0,undirected
"Jon-Snow","Patrek-of-Kings-Mountain",7.0,undirected
"Jon-Snow","Pypar",5.0,undirected
"Jon-Snow","Qhorin-Halfhand",3.0,undirected
"Jon-Snow","Rattleshirt",23.0,undirected
"Jon-Snow","Robb-Stark",10.0,undirected
"Jon-Snow","Rory",6.0,undirected
"Jon-Snow","Samwell-Tarly",14.0,undirected
"Jon-Snow","Sansa-Stark",3.0,undirected
"Jon-Snow","Satin",15.0,undirected
"Jon-Snow","Selyse-Florent",38.0,undirected
"Jon-Snow","Shireen-Baratheon",4.0,undirected
"Jon-Snow","Sigorn",6.0,undirected
"Jon-Snow","Soren-Shieldbreaker",3.0,undirected
"Jon-Snow","Stannis-Baratheon",73.0,undirected
"Jon-Snow","Tom-Barleycorn",4.0,undirected
"Jon-Snow","Toregg",6.0,undirected
"Jon-Snow","Tormund",50.0,undirected
"Jon-Snow","Tycho-Nestoris",12.0,undirected
"Jon-Snow","Ulmer",3.0,undirected
"Jon-Snow","Val",37.0,undirected
"Jon-Snow","Weeper",3.0,undirected
"Jon-Snow","Wick-Whittlestick",5.0,undirected
"Jon-Snow","Wun-Weg-Wun-Dar-Wun",11.0,undirected
"Jon-Snow","Ygritte",14.0,undirected
"Jorah-Mormont","Nurse",4.0,undirected
"Jorah-Mormont","Penny",9.0,undirected
"Jorah-Mormont","Tyrion-Lannister",27.0,undirected
"Joramun","Mance-Rayder",3.0,undirected
"Joramun","Melisandre",4.0,undirected
"Justin-Massey","Richard-Horpe",7.0,undirected
"Justin-Massey","Stannis-Baratheon",10.0,undirected
"Kasporio","Tybero-Istarion",3.0,undirected
"Kasporio","Tyrion-Lannister",3.0,undirected
"Kedry","Quentyn-Martell",3.0,undirected
"Kerwin","Victarion-Greyjoy",12.0,undirected
"Kevan-Lannister","Mace-Tyrell",5.0,undirected
"Kevan-Lannister","Pycelle",5.0,undirected
"Kevan-Lannister","Randyll-Tarly",6.0,undirected
"Kevan-Lannister","Ronnet-Connington",3.0,undirected
"Kevan-Lannister","Tommen-Baratheon",11.0,undirected
"Kevan-Lannister","Tywin-Lannister",3.0,undirected
"Kevan-Lannister","Varys",3.0,undirected
"Khrazz","Spotted-Cat",4.0,undirected
"Khrazz","Steelskin",3.0,undirected
"Kindly-Man","Waif",6.0,undirected
"Leaf","Meera-Reed",6.0,undirected
"Leathers","Toregg",4.0,undirected
"Leathers","Tormund",3.0,undirected
"Leathers","Wun-Weg-Wun-Dar-Wun",9.0,undirected
"Lemore","Rolly-Duckfield",5.0,undirected
"Lemore","Tyrion-Lannister",16.0,undirected
"Lemore","Yandry",5.0,undirected
"Lemore","Ysilla",3.0,undirected
"Leona-Woolfield","Wyman-Manderly",4.0,undirected
"Longwater-Pyke","Victarion-Greyjoy",3.0,undirected
"Lorren","Sybelle-Glover",3.0,undirected
"Luton","Skinner",3.0,undirected
"Lyanna-Mormont","Stannis-Baratheon",3.0,undirected
"Lyanna-Stark","Rhaegar-Targaryen",4.0,undirected
"Mace-Tyrell","Pycelle",4.0,undirected
"Mace-Tyrell","Randyll-Tarly",5.0,undirected
"Mace-Tyrell","Robert-Strong",3.0,undirected
"Maege-Mormont","Robb-Stark",4.0,undirected
"Malaquo-Maegyr","Nyessos-Vhassar",7.0,undirected
"Malegorn","Narbert-Grandison",3.0,undirected
"Malegorn","Selyse-Florent",5.0,undirected
"Mance-Rayder","Melisandre",6.0,undirected
"Mance-Rayder","Ramsay-Snow",7.0,undirected
"Mance-Rayder","Rowan",4.0,undirected
"Mance-Rayder","Squirrel",5.0,undirected
"Mance-Rayder","Stannis-Baratheon",16.0,undirected
"Mance-Rayder","Theon-Greyjoy",9.0,undirected
"Mance-Rayder","Tormund",12.0,undirected
"Mance-Rayder","Val",6.0,undirected
"Mance-Rayder","Varamyr",3.0,undirected
"Marlon-Manderly","Stannis-Baratheon",3.0,undirected
"Marselen","Symon-Stripeback",4.0,undirected
"Marya-Seaworth","Stannis-Baratheon",3.0,undirected
"Melisandre","Rattleshirt",6.0,undirected
"Melisandre","Selyse-Florent",11.0,undirected
"Melisandre","Sigorn",3.0,undirected
"Melisandre","Stannis-Baratheon",32.0,undirected
"Melisandre","Ygritte",3.0,undirected
"Meris","Quentyn-Martell",14.0,undirected
"Meris","Tattered-Prince",9.0,undirected
"Meryn-Trant","Rafford",3.0,undirected
"Mezzara","Qezza",3.0,undirected
"Miklaz","Qezza",4.0,undirected
"Missandei","Quentyn-Martell",3.0,undirected
"Missandei","Skahaz-mo-Kandaq",6.0,undirected
"Moelle","Scolera",10.0,undirected
"Moelle","Unella",12.0,undirected
"Moqorro","Rodrik-Sparr",4.0,undirected
"Moqorro","Tyrion-Lannister",7.0,undirected
"Moqorro","Victarion-Greyjoy",21.0,undirected
"Morgo","Tyrion-Lannister",4.0,undirected
"Mors-Umber","Stannis-Baratheon",7.0,undirected
"Myrcella-Baratheon","Stannis-Baratheon",3.0,undirected
"Myrcella-Baratheon","Tommen-Baratheon",8.0,undirected
"Myrcella-Baratheon","Trystane-Martell",4.0,undirected
"Myrcella-Baratheon","Tyrion-Lannister",5.0,undirected
"Narbert-Grandison","Patrek-of-Kings-Mountain",3.0,undirected
"Narbert-Grandison","Selyse-Florent",8.0,undirected
"Nurse","Penny",4.0,undirected
"Nurse","Tyrion-Lannister",8.0,undirected
"Nurse","Yezzan-zo-Qaggaz",12.0,undirected
"Nymeria-Sand","Obara-Sand",8.0,undirected
"Nymeria-Sand","Tyene-Sand",7.0,undirected
"Obara-Sand","Tyene-Sand",6.0,undirected
"Old-Bill-Bone","Quentyn-Martell",3.0,undirected
"Othell-Yarwyck","Weeper",4.0,undirected
"Patchface","Selyse-Florent",3.0,undirected
"Patchface","Shireen-Baratheon",3.0,undirected
"Patrek-of-Kings-Mountain","Selyse-Florent",7.0,undirected
"Patrek-of-Kings-Mountain","Wun-Weg-Wun-Dar-Wun",3.0,undirected
"Penny","Sweets",4.0,undirected
"Penny","Tyrion-Lannister",59.0,undirected
"Penny","Yezzan-zo-Qaggaz",9.0,undirected
"Petyr-Baelish","Varys",4.0,undirected
"Pypar","Todder",4.0,undirected
"Qarl-the-Maid","Tristifer-Botley",5.0,undirected
"Qavo-Nogarys","Tyrion-Lannister",6.0,undirected
"Quentyn-Martell","Tattered-Prince",14.0,undirected
"Qyburn","Robert-Strong",4.0,undirected
"Ralf-(Limper)","Victarion-Greyjoy",3.0,undirected
"Ramsay-Snow","Roose-Bolton",14.0,undirected
"Ramsay-Snow","Skinner",5.0,undirected
"Ramsay-Snow","Sour-Alyn",6.0,undirected
"Ramsay-Snow","Stannis-Baratheon",8.0,undirected
"Ramsay-Snow","Theon-Greyjoy",87.0,undirected
"Ramsay-Snow","Walder-Frey-(son-of-Merrett)",3.0,undirected
"Ramsay-Snow","Wyman-Manderly",5.0,undirected
"Ramsay-Snow","Yellow-Dick",7.0,undirected
"Randyll-Tarly","Robert-Strong",3.0,undirected
"Reznak-mo-Reznak","Skahaz-mo-Kandaq",5.0,undirected
"Rhaegar-Frey","Wyman-Manderly",3.0,undirected
"Rhaegar-Targaryen","Robert-Baratheon",7.0,undirected
"Richard-Horpe","Stannis-Baratheon",3.0,undirected
"Rickon-Stark","Robb-Stark",3.0,undirected
"Rickon-Stark","Theon-Greyjoy",4.0,undirected
"Robb-Stark","Rodrik-Cassel",3.0,undirected
"Robb-Stark","Stannis-Baratheon",6.0,undirected
"Robb-Stark","Theon-Greyjoy",7.0,undirected
"Robb-Stark","Wyman-Manderly",3.0,undirected
"Robert-Baratheon","Stannis-Baratheon",11.0,undirected
"Robert-Baratheon","Tommen-Baratheon",4.0,undirected
"Robert-Baratheon","Tywin-Lannister",3.0,undirected
"Robert-Baratheon","Val",3.0,undirected
"Robert-Baratheon","Viserys-Targaryen",3.0,undirected
"Robert-Baratheon","Willam-Dustin",3.0,undirected
"Robett-Glover","Stannis-Baratheon",4.0,undirected
"Rodrik-Cassel","Theon-Greyjoy",3.0,undirected
"Rodrik-Sparr","Victarion-Greyjoy",7.0,undirected
"Roger-Ryswell","Theon-Greyjoy",4.0,undirected
"Rolly-Duckfield","Tyrion-Lannister",20.0,undirected
"Rolly-Duckfield","Yandry",12.0,undirected
"Rolly-Duckfield","Ysilla",9.0,undirected
"Roose-Bolton","Stannis-Baratheon",13.0,undirected
"Roose-Bolton","Theon-Greyjoy",14.0,undirected
"Roose-Bolton","Walda-Frey-(daughter-of-Merrett)",4.0,undirected
"Roose-Bolton","Wyman-Manderly",5.0,undirected
"Roose-Ryswell","Stannis-Baratheon",3.0,undirected
"Rowan","Squirrel",5.0,undirected
"Rowan","Theon-Greyjoy",12.0,undirected
"Salladhor-Saan","Stannis-Baratheon",8.0,undirected
"Samwell-Tarly","Stannis-Baratheon",8.0,undirected
"Satin","Selyse-Florent",4.0,undirected
"Scar","Tyrion-Lannister",8.0,undirected
"Scar","Yezzan-zo-Qaggaz",4.0,undirected
"Scolera","Unella",12.0,undirected
"Selyse-Florent","Shireen-Baratheon",8.0,undirected
"Selyse-Florent","Stannis-Baratheon",14.0,undirected
"Selyse-Florent","Val",15.0,undirected
"Selyse-Florent","Wun-Weg-Wun-Dar-Wun",5.0,undirected
"Shae","Tysha",4.0,undirected
"Shireen-Baratheon","Stannis-Baratheon",4.0,undirected
"Shireen-Baratheon","Val",4.0,undirected
"Shrouded-Lord","Tyrion-Lannister",4.0,undirected
"Sigorn","Stannis-Baratheon",3.0,undirected
"Skinner","Sour-Alyn",6.0,undirected
"Skinner","Theon-Greyjoy",4.0,undirected
"Sour-Alyn","Theon-Greyjoy",8.0,undirected
"Sour-Alyn","Yellow-Dick",3.0,undirected
"Squirrel","Theon-Greyjoy",7.0,undirected
"Stannis-Baratheon","Theomore",3.0,undirected
"Stannis-Baratheon","Theon-Greyjoy",10.0,undirected
"Stannis-Baratheon","Tommen-Baratheon",7.0,undirected
"Stannis-Baratheon","Tycho-Nestoris",7.0,undirected
"Stannis-Baratheon","Tyrion-Lannister",3.0,undirected
"Stannis-Baratheon","Tywin-Lannister",3.0,undirected
"Stannis-Baratheon","Val",15.0,undirected
"Stannis-Baratheon","William-Foxglove",3.0,undirected
"Stannis-Baratheon","Wyman-Manderly",19.0,undirected
"Sweets","Tyrion-Lannister",7.0,undirected
"Sweets","Yezzan-zo-Qaggaz",6.0,undirected
"Sybell-Spicer","Wyman-Manderly",3.0,undirected
"Theomore","Wyman-Manderly",3.0,undirected
"Theon-Greyjoy","Walda-Frey-(daughter-of-Merrett)",3.0,undirected
"Theon-Greyjoy","Walder-Frey-(son-of-Jammos)",6.0,undirected
"Theon-Greyjoy","Walder-Frey-(son-of-Merrett)",6.0,undirected
"Theon-Greyjoy","Wex-Pyke",3.0,undirected
"Theon-Greyjoy","Willow-Witch-eye",4.0,undirected
"Theon-Greyjoy","Wyman-Manderly",3.0,undirected
"Theon-Greyjoy","Yellow-Dick",5.0,undirected
"Thistle","Varamyr",7.0,undirected
"Toregg","Tormund",8.0,undirected
"Tormund","Val",9.0,undirected
"Tormund","Weeper",9.0,undirected
"Tybero-Istarion","Tyrion-Lannister",8.0,undirected
"Tyrion-Lannister","Tysha",4.0,undirected
"Tyrion-Lannister","Tywin-Lannister",18.0,undirected
"Tyrion-Lannister","Varys",7.0,undirected
"Tyrion-Lannister","Yandry",15.0,undirected
"Tyrion-Lannister","Yezzan-zo-Qaggaz",17.0,undirected
"Tyrion-Lannister","Ysilla",11.0,undirected
"Tywin-Lannister","Wylis-Manderly",3.0,undirected
"Victarion-Greyjoy","Wulfe",3.0,undirected
"Walder-Frey-(son-of-Jammos)","Walder-Frey-(son-of-Merrett)",10.0,undirected
"Yandry","Ysilla",14.0,undirected
